<assembly xmlns="http://maven.apache.org/plugins/maven-assembly-plugin/assembly/1.1.2"
          xmlns:xsi="http://www.w3.org/2001/XMLSchema-instance"
          xsi:schemaLocation="http://maven.apache.org/plugins/maven-assembly-plugin/assembly/1.1.2
          http://maven.apache.org/xsd/assembly-1.1.2.xsd">

    <id>all-in-one</id>

    <formats>
        <format>zip</format>
    </formats>

    <includeBaseDirectory>false</includeBaseDirectory>

    <fileSets>
        <fileSet>
            <directory>${project.build.directory}</directory>
            <!--<outputDirectory></outputDirectory>-->
            <includes>
                <include>*.jar</include>
            </includes>
        </fileSet>
    </fileSets>

    <dependencySets>
        <dependencySet>
            <useProjectArtifact>false</useProjectArtifact>
            <outputDirectory>lib</outputDirectory>
            <unpack>false</unpack>
        </dependencySet>
    </dependencySets>
</assembly>
